{
    "train_loss": [
        2.132026692916607,
        1.8645004321788918,
        1.7179778732102493,
        1.6405943056632732,
        1.6024403736509125,
        1.5892163021811123,
        1.4976287915788848,
        1.465635451777228,
        1.4090461607637077,
        1.3795628670988411,
        1.3191585622984787,
        1.277763037846006,
        1.2789759430392036,
        1.283553859283184,
        1.2766517647381486,
        1.2311534100565418,
        1.213985771968447,
        1.1021219409745315,
        1.1090617200423931,
        1.0377169354208584,
        1.0209870626186501,
        0.9917808668366794,
        0.9769711432785824,
        0.9505526731754171,
        0.9495522338768532
    ],
    "val_loss": [
        3.1306432485580444,
        2.024248719215393,
        1.6817962229251862,
        1.5173906087875366,
        1.6156368553638458,
        1.4429717659950256,
        1.5708706080913544,
        1.4920774400234222,
        1.6270638704299927,
        1.4512525498867035,
        1.4345355033874512,
        1.3387773633003235,
        1.4282787144184113,
        1.5384337902069092,
        1.6644266247749329,
        1.4558452367782593,
        1.3434147834777832,
        1.6918964385986328,
        1.4377564787864685,
        1.4705502092838287,
        1.442572146654129,
        1.4702618718147278,
        1.534078299999237,
        1.4270354211330414,
        1.4380110502243042
    ],
    "val_miou": [
        0.04947981238365173,
        0.09965407103300095,
        0.17173299193382263,
        0.23543348908424377,
        0.2054508924484253,
        0.24103184044361115,
        0.22395610809326172,
        0.2405548095703125,
        0.2382303774356842,
        0.257073312997818,
        0.2728624939918518,
        0.29827991127967834,
        0.2698071599006653,
        0.2114371806383133,
        0.2582869529724121,
        0.2689748704433441,
        0.29447993636131287,
        0.2869988977909088,
        0.3202417492866516,
        0.3081020712852478,
        0.3066445291042328,
        0.31681835651397705,
        0.3068520724773407,
        0.34206274151802063,
        0.3430077135562897
    ]
}