{
    "train_loss": [
        74.39803636485132,
        62.0560974252635,
        56.75139262758452,
        53.04830768190581,
        49.55715330715837,
        46.547956795528016,
        43.917205810546875,
        41.992795878443225,
        39.9073642533401,
        38.04768835265061,
        36.67303483239536,
        35.16144252645558,
        33.594939856693664,
        32.61806119721511,
        31.460860022183123,
        30.7663260163932,
        29.801828877679235,
        28.707871108219543,
        27.9478204332549,
        27.532957734732793,
        26.992663284827923,
        26.30283549736286,
        25.942531223954827,
        25.88214078442804,
        25.024228918141333
    ],
    "val_loss": [
        69.66492898123605,
        63.07457515171596,
        59.96079799107143,
        56.983607155936106,
        53.57215445382254,
        50.94899368286133,
        49.429124559674946,
        48.26457268851144,
        46.818144117082866,
        45.04342869349888,
        44.26137924194336,
        43.26092747279576,
        42.841107504708425,
        42.403084891183035,
        41.29213278634207,
        40.95268848964146,
        40.37857927594866,
        39.8498341696603,
        38.15338053022112,
        38.64000429425921,
        37.978746959141326,
        38.11991146632603,
        37.11247743879046,
        37.65986769539969,
        35.91248457772391
    ],
    "val_miou": [
        0.19813643395900726,
        0.20818527042865753,
        0.21686799824237823,
        0.2283022254705429,
        0.2777652442455292,
        0.33351385593414307,
        0.34793391823768616,
        0.3788658380508423,
        0.4290287494659424,
        0.3927927315235138,
        0.44419345259666443,
        0.47303301095962524,
        0.5092014074325562,
        0.4987879991531372,
        0.5033949017524719,
        0.5321621298789978,
        0.518263578414917,
        0.5312460660934448,
        0.5257969498634338,
        0.515519380569458,
        0.5263516902923584,
        0.5379111766815186,
        0.5443657040596008,
        0.5469745397567749,
        0.5439385175704956
    ]
}