{
    "train_loss": [
        2.051847289348471,
        1.6132285677153488,
        1.3976380413976208,
        1.3105434754799152,
        1.2893005403979072,
        1.2047364711761475,
        1.1337919605189357,
        1.1201404189241344,
        1.0622028174071476,
        1.0239701620463668,
        0.9674398467458528,
        0.9609418429177383,
        0.911940965159186,
        0.91816370857173,
        0.9156024928750663,
        0.8769454524434847,
        0.8364365758567021,
        0.8190198252941,
        0.7935019628754978,
        0.8080343768514436,
        0.7872095745185326,
        0.7852609198668907,
        0.7967513388600843,
        0.7729560568414885,
        0.7751978183614796
    ],
    "val_loss": [
        1.5756489932537079,
        1.4248374700546265,
        1.5468977987766266,
        1.5164999663829803,
        1.4231561720371246,
        1.3577725291252136,
        1.5023452043533325,
        1.4365033209323883,
        1.509724885225296,
        1.532959133386612,
        1.5418559312820435,
        1.5794898867607117,
        1.472274199128151,
        1.5468346774578094,
        1.6993473768234253,
        1.7084353268146515,
        1.6202601790428162,
        1.5869752019643784,
        1.6080805957317352,
        1.5947603583335876,
        1.5789839923381805,
        1.5877878814935684,
        1.6137766242027283,
        1.623167246580124,
        1.624237671494484
    ],
    "val_miou": [
        0.21050290763378143,
        0.24765519797801971,
        0.21686486899852753,
        0.2559535503387451,
        0.2814696729183197,
        0.30395060777664185,
        0.28983044624328613,
        0.29307398200035095,
        0.31113171577453613,
        0.3238510489463806,
        0.32315024733543396,
        0.32677242159843445,
        0.3412877321243286,
        0.34697744250297546,
        0.32047221064567566,
        0.3442573547363281,
        0.3348904550075531,
        0.349558562040329,
        0.3476681709289551,
        0.35891833901405334,
        0.35966116189956665,
        0.35698068141937256,
        0.3523344099521637,
        0.3592410683631897,
        0.3527562916278839
    ]
}