{
    "train_loss": [
        2.932478576898575,
        1.9848630279302597,
        1.7297493517398834,
        1.7228087484836578,
        1.499247059226036,
        1.3803781270980835,
        1.2427302151918411,
        1.1609124094247818,
        1.156033232808113,
        1.0551752224564552,
        1.0512783229351044,
        1.0117970630526543,
        0.8934348896145821,
        0.844727635383606,
        0.813572570681572,
        0.7726210579276085,
        0.7165659293532372,
        0.6907888203859329,
        0.6561294794082642,
        0.6657051965594292,
        0.6149522066116333,
        0.5348190627992153,
        0.5595942065119743,
        0.6133565083146095,
        0.6324701681733131
    ],
    "val_loss": [
        2.9273390769958496,
        1.7658686637878418,
        1.7254438400268555,
        1.6466131210327148,
        1.5708065032958984,
        1.480046272277832,
        1.8681957721710205,
        1.8907763957977295,
        1.663662075996399,
        1.830580234527588,
        1.9246262311935425,
        1.9602758884429932,
        1.661214828491211,
        1.5799040794372559,
        1.7442517280578613,
        1.688491702079773,
        1.6201366186141968,
        1.9972145557403564,
        2.046909809112549,
        1.8915294408798218,
        1.849335789680481,
        1.8492188453674316,
        1.9940917491912842,
        2.0032436847686768,
        2.162205696105957
    ],
    "val_miou": [
        0.15396104753017426,
        0.2211771011352539,
        0.2603590190410614,
        0.2472614049911499,
        0.269478440284729,
        0.276805579662323,
        0.24165339767932892,
        0.3077715039253235,
        0.27572882175445557,
        0.2649085521697998,
        0.3209451138973236,
        0.2622019350528717,
        0.3228181004524231,
        0.3294031322002411,
        0.29017508029937744,
        0.32617321610450745,
        0.352706640958786,
        0.2877011299133301,
        0.34884223341941833,
        0.3495174050331116,
        0.3755383789539337,
        0.3964558243751526,
        0.3748985826969147,
        0.3638552725315094,
        0.38114914298057556
    ]
}