{
    "train_loss": [
        40.343385736479256
    ],
    "val_loss": [
        31.850172562258585
    ],
    "val_miou": [
        0.5489978790283203
    ]
}