{
    "train_loss": [
        8.598535105992372
    ],
    "val_loss": [
        0.0
    ],
    "val_miou": [
        0.6813482046127319
    ]
}