{
    "train_loss": [
        1.375152672319476,
        0.9756777761773702,
        0.8557922275931904,
        0.803271042543955,
        0.7562729319379166,
        0.7355901493394296,
        0.693210413501098,
        0.6713165251542306,
        0.6425453901025394,
        0.6101375568019255,
        0.6135018102841282,
        0.573114186392595,
        0.5651600492624503,
        0.5606655759906981,
        0.5015302353221218,
        0.4891223870964518,
        0.4733020263684619,
        0.46166078736362587,
        0.44687501608263414,
        0.44712242560423826,
        0.4242618822042554,
        0.42232288987705596,
        0.4081743089419962,
        0.4130621526581142,
        0.39377395702496937
    ],
    "val_loss": [
        0.998574288295848,
        0.9194254582481725,
        0.8186724084828582,
        0.8502360885696751,
        0.7780312283762864,
        0.7836891247757843,
        0.80431832958545,
        0.8079600541719368,
        0.7642387359270028,
        0.7672966516443661,
        0.6893642172217369,
        0.785037204091038,
        0.784022932606084,
        0.7370744033583573,
        0.8321458082646132,
        0.7211683493639741,
        0.7667974941432476,
        0.7744142061897686,
        0.7659964258117336,
        0.7487721586866039,
        0.7508525917572635,
        0.7470008536641087,
        0.8085543209952968,
        0.7961743628340108,
        0.7879388704895973
    ],
    "val_miou": [
        0.4493332803249359,
        0.496983140707016,
        0.5154153108596802,
        0.5062440633773804,
        0.5389577150344849,
        0.5409282445907593,
        0.5586946606636047,
        0.5690129995346069,
        0.5745363831520081,
        0.5609426498413086,
        0.6044132113456726,
        0.5602208375930786,
        0.5548670887947083,
        0.597163736820221,
        0.5586065053939819,
        0.6107202172279358,
        0.6053898930549622,
        0.592248260974884,
        0.5939666032791138,
        0.5918278694152832,
        0.5911310315132141,
        0.6028128862380981,
        0.602189838886261,
        0.5786131024360657,
        0.5926804542541504
    ]
}