{
    "train_loss": [
        2.0012689759996203,
        1.159644182788001,
        1.0897156381607056,
        1.01143963807159,
        0.9434791753027174,
        1.0334570978747475,
        1.0458520482646094,
        1.0364576004611121,
        0.9258467498090532,
        0.8359475922584534,
        0.9123659469021691,
        0.9207456282774608,
        0.8626299115022024,
        0.8994342455599043,
        0.8140720266766018,
        0.7707636684179306,
        0.8511168012354109,
        1.0141929339038,
        1.2316822304990556,
        0.9711230152845383,
        1.0155863491031858,
        1.2559464308950636,
        1.0055522651142543,
        0.892859996424781,
        1.1472064787811702
    ],
    "val_loss": [
        1.2135565871732277,
        0.970483060730131,
        0.9683006511707055,
        0.9770513544218582,
        0.9669341218183961,
        1.6642957434319614,
        0.9513538345171694,
        0.9802638313226533,
        0.9707144543267133,
        0.86914590151425,
        1.0230114937090038,
        0.9760131795416799,
        2.979993090164243,
        0.8701129363555657,
        0.9198975789834533,
        0.9231718328961155,
        0.9060078971741492,
        2.289042905757302,
        2.504901290985576,
        39.03590203141957,
        6.399089026869389,
        4.6029288141351,
        1.5104877650737762,
        4.3571864031255245,
        1.4585440566665249
    ],
    "val_miou": [
        0.4098878502845764,
        0.46738240122795105,
        0.46909040212631226,
        0.5020473599433899,
        0.4949389398097992,
        0.42621704936027527,
        0.5061959624290466,
        0.4957853853702545,
        0.48698747158050537,
        0.5072026252746582,
        0.5031101107597351,
        0.4926738739013672,
        0.5234606862068176,
        0.5271832942962646,
        0.5103200674057007,
        0.5034753680229187,
        0.5322492122650146,
        0.2673338055610657,
        0.43632057309150696,
        0.4767931401729584,
        0.23014672100543976,
        0.39361685514450073,
        0.41339555382728577,
        0.4564013183116913,
        0.42729994654655457
    ]
}