{
    "train_loss": [
        26.676254272460938,
        3.285276174545288,
        2.4562335312366486,
        2.129267245531082,
        1.9011355340480804,
        1.741000846028328,
        1.5955488979816437,
        1.467699944972992,
        1.413540318608284,
        1.3197620958089828,
        1.258273959159851,
        1.2117365598678589,
        1.1657684296369553,
        1.1024148017168045,
        1.035873405635357,
        0.9626159965991974,
        0.9129042252898216,
        0.9214052930474281,
        0.9197269156575203,
        0.8807741701602936,
        0.8540953323245049,
        0.8148494213819504,
        0.8664485961198807,
        0.8789664953947067,
        0.8430075794458389
    ],
    "val_loss": [
        6.243191242218018,
        2.6880078315734863,
        2.396655321121216,
        2.474114179611206,
        2.287163257598877,
        2.2659683227539062,
        2.498910903930664,
        2.6745142936706543,
        2.721886396408081,
        2.5085201263427734,
        2.5628550052642822,
        2.4833006858825684,
        2.693560838699341,
        2.6251747608184814,
        2.3877899646759033,
        2.694241523742676,
        2.739189624786377,
        2.6989126205444336,
        2.6891956329345703,
        2.768106698989868,
        2.766826629638672,
        2.6934428215026855,
        2.7512760162353516,
        2.7002792358398438,
        2.8614017963409424
    ],
    "val_miou": [
        0.11004342138767242,
        0.1388946771621704,
        0.17867329716682434,
        0.17291764914989471,
        0.20553064346313477,
        0.23222365975379944,
        0.24431899189949036,
        0.24310509860515594,
        0.27989301085472107,
        0.28280580043792725,
        0.2944413125514984,
        0.2940621078014374,
        0.2847205698490143,
        0.29029521346092224,
        0.30227571725845337,
        0.279657781124115,
        0.2779717445373535,
        0.29588961601257324,
        0.29126474261283875,
        0.28678974509239197,
        0.2958607077598572,
        0.31182166934013367,
        0.2983381450176239,
        0.30443689227104187,
        0.3387927711009979
    ]
}