{
    "train_loss": [
        2.808052211999893,
        2.1819274723529816,
        2.0174544602632523,
        1.9162936359643936,
        1.674220010638237,
        1.5598140805959702,
        1.4805365651845932,
        1.4012517482042313,
        1.3298956155776978,
        1.2588566541671753,
        1.1928895264863968,
        1.2247010618448257,
        1.1940764710307121,
        1.1779156923294067,
        1.1434925347566605,
        1.107136495411396,
        1.0178420543670654,
        1.0715978667140007,
        1.0288428664207458,
        1.003024898469448,
        1.0169586762785912,
        1.020764134824276,
        0.9389366805553436,
        0.9343357980251312,
        0.8926154673099518
    ],
    "val_loss": [
        2.3217601776123047,
        2.1400341987609863,
        2.0543441772460938,
        1.9947998523712158,
        1.928025722503662,
        1.8994587659835815,
        2.367244243621826,
        2.8261351585388184,
        2.5146665573120117,
        2.761026620864868,
        3.039900064468384,
        2.9389803409576416,
        2.8395211696624756,
        3.1837124824523926,
        2.9289212226867676,
        2.83811354637146,
        2.4991061687469482,
        3.145102024078369,
        3.8549575805664062,
        4.7088422775268555,
        3.936490058898926,
        3.8085551261901855,
        3.648191452026367,
        3.041403293609619,
        3.4408578872680664
    ],
    "val_miou": [
        0.16637186706066132,
        0.16591258347034454,
        0.18713131546974182,
        0.22506265342235565,
        0.2392929047346115,
        0.24524807929992676,
        0.2340662032365799,
        0.24738214910030365,
        0.2819320261478424,
        0.27485576272010803,
        0.26826339960098267,
        0.2648402154445648,
        0.2714899480342865,
        0.2539948523044586,
        0.27808213233947754,
        0.2601536810398102,
        0.27403512597084045,
        0.28935572504997253,
        0.24450595676898956,
        0.2757003605365753,
        0.27373018860816956,
        0.2651751935482025,
        0.26453301310539246,
        0.29107666015625,
        0.2852236330509186
    ]
}