{
    "train_loss": [
        2.6615843772888184,
        1.9739714860916138,
        1.7087823301553726,
        1.6042350679636002,
        1.445244312286377,
        1.3086719661951065,
        1.2407121509313583,
        1.1454512774944305,
        1.0765938758850098,
        1.0245974212884903,
        0.9252956211566925,
        0.9603746384382248,
        0.9695751816034317,
        0.804657980799675,
        0.7625688463449478,
        0.802722156047821,
        0.7719681039452553,
        0.7738909795880318,
        0.7832697331905365,
        0.6806608587503433,
        0.6499969139695168,
        0.6295747086405754,
        0.6171919628977776,
        0.5420553311705589,
        0.5469130724668503
    ],
    "val_loss": [
        2.221062660217285,
        1.7450532913208008,
        1.6569242477416992,
        1.6682357788085938,
        1.7311365604400635,
        2.015460729598999,
        1.9045138359069824,
        1.9284045696258545,
        2.0379722118377686,
        1.9489128589630127,
        1.9990384578704834,
        2.0089895725250244,
        1.9904544353485107,
        2.0160505771636963,
        1.9580650329589844,
        2.293332099914551,
        1.7410660982131958,
        1.971449851989746,
        2.2066900730133057,
        2.1140122413635254,
        1.9910629987716675,
        2.046905755996704,
        2.05275297164917,
        1.8964745998382568,
        2.2349512577056885
    ],
    "val_miou": [
        0.14134714007377625,
        0.20019041001796722,
        0.2238481044769287,
        0.2425333708524704,
        0.26817235350608826,
        0.21624532341957092,
        0.2685156464576721,
        0.2695552408695221,
        0.25420165061950684,
        0.2998058497905731,
        0.2931670844554901,
        0.3093644082546234,
        0.3034365177154541,
        0.3224489390850067,
        0.3131837546825409,
        0.2720598578453064,
        0.3369825482368469,
        0.32858237624168396,
        0.3028132915496826,
        0.3209846019744873,
        0.3047196567058563,
        0.3369300365447998,
        0.33370882272720337,
        0.3391402065753937,
        0.3161366283893585
    ]
}