{
    "train_loss": [
        82.37010488838985,
        65.6791277260616,
        59.64089367307466,
        55.20242118835449,
        51.81902892014076,
        48.62236062411604,
        45.95362847426842,
        43.83735216074977,
        41.22028551430538,
        39.46669989618762,
        37.55131359758048,
        36.20504172094937,
        34.68407887425916,
        33.357299442948964,
        32.15044235361034,
        31.469001079427784,
        30.371100984770678,
        30.2211321469011,
        28.79345699836468,
        28.11432147848195,
        27.303813309505067,
        26.579611284979457,
        26.051908525927313,
        25.777548691322064,
        25.102078174722607
    ],
    "val_loss": [
        72.15894753592355,
        66.0951761518206,
        61.52842330932617,
        58.94213594709124,
        56.138581957135884,
        53.92516054425921,
        51.74814224243164,
        49.73623275756836,
        48.5689811706543,
        47.01139504568918,
        46.21752112252371,
        46.3968756539481,
        44.81808580671038,
        45.98735155378069,
        43.73797607421875,
        42.267999921526226,
        41.54612241472517,
        40.79546465192522,
        42.01165499005999,
        40.76284190586635,
        39.96687316894531,
        40.05344990321568,
        40.22700445992606,
        40.09703554425921,
        39.17764227730887
    ],
    "val_miou": [
        0.17439092695713043,
        0.21080176532268524,
        0.2162102460861206,
        0.2158716320991516,
        0.24063977599143982,
        0.2595122158527374,
        0.2820180654525757,
        0.33624032139778137,
        0.38472968339920044,
        0.4215281009674072,
        0.4084640145301819,
        0.4298814535140991,
        0.4351152777671814,
        0.41040027141571045,
        0.47728168964385986,
        0.4906710982322693,
        0.494891881942749,
        0.5214080214500427,
        0.5333277583122253,
        0.46943098306655884,
        0.4788264036178589,
        0.4803776144981384,
        0.4935528039932251,
        0.47274884581565857,
        0.4972507953643799
    ]
}