{
    "train_loss": [
        1.3462994706657256,
        1.1346921286232488,
        1.0738030397281348,
        1.0262237383687416,
        0.9932313868091472,
        0.9718850175362653,
        0.953032087775275,
        0.9567189638758025,
        0.9173003347520042,
        0.8977216794124425,
        0.8765780288551858,
        0.8682592885531402,
        0.849869270367187,
        0.8493050344802755,
        0.8319808674814441,
        0.8177158162163732,
        0.8096242269588207,
        0.8025085201242188,
        0.8041710727464383,
        0.7864489677488671,
        0.7812565376604585,
        0.7668725657038274,
        0.761250234526356,
        0.7414798601167505,
        0.7321957019230305
    ],
    "val_loss": [
        1.1643607595137186,
        1.0592597563351904,
        1.0294878791485513,
        1.0237277959074293,
        0.9841450420873505,
        0.968767452452864,
        0.9634930214711598,
        0.9658905927624021,
        0.9711208545735904,
        0.9774298646620342,
        0.9554769439356667,
        0.9467541905386108,
        0.9724695991192546,
        0.9737222705568586,
        0.9644950447337968,
        0.9643919925604548,
        0.9650506143059049,
        0.972643677677427,
        0.9800604890499797,
        0.9768154504043716,
        0.9875900521874428,
        0.9883919411471912,
        0.989008863057409,
        0.9691716017467635,
        0.9791176436202866
    ],
    "val_miou": [
        0.36709561944007874,
        0.4519605040550232,
        0.4642353057861328,
        0.5021365284919739,
        0.5371251702308655,
        0.5630959272384644,
        0.5644721388816833,
        0.578891932964325,
        0.5784700512886047,
        0.572547972202301,
        0.6118841767311096,
        0.6376442313194275,
        0.6243935823440552,
        0.6015449166297913,
        0.6216436624526978,
        0.6337389945983887,
        0.6424868702888489,
        0.6343300342559814,
        0.6306077241897583,
        0.6263331770896912,
        0.6507266163825989,
        0.6585976481437683,
        0.6603713035583496,
        0.6776221990585327,
        0.6810095906257629
    ]
}